series,lag,full_r,full_p_raw,full_n,oos_r,oos_p_raw,oos_n,full_p_bonferroni,oos_p_bonferroni,full_survives,oos_survives
PAYEMS,1,0.04598488260026243,0.17992260869850063,852,0.052026417523493164,0.5474841008921612,136,1.0,1.0,False,False
PAYEMS,2,0.03183091824794069,0.3536988285140381,851,0.0792831331416216,0.35887894171306467,136,1.0,1.0,False,False
PAYEMS,3,0.03973540024397038,0.2471791046408771,850,0.0935762897007311,0.27854906234749,136,1.0,1.0,False,False
RSAFS,1,-0.09789850635295966,0.09106736065217702,299,-0.09338389508807106,0.2795428602958898,136,0.8196062458695932,1.0,False,False
RSAFS,2,-0.011197656981444601,0.8473543528543719,298,-0.036405320352504315,0.6739185741114107,136,1.0,1.0,False,False
RSAFS,3,-0.008513825786798943,0.8838357066438591,297,0.0032472857611435695,0.970070326178393,136,1.0,1.0,False,False
INDPRO,1,0.15742273891620928,4.791541474702399e-08,1190,0.012000676809483038,0.8901269024368259,135,4.312387327232159e-07,1.0,True,False
INDPRO,2,0.30682738669610216,0.0,1189,0.03965117852776587,0.6479581267111008,135,0.0,1.0,True,False
INDPRO,3,0.20318158369968647,1.553424056055519e-12,1188,0.023727760542327614,0.784725240608394,135,1.3980816504499671e-11,1.0,True,False
